Precision_Mean,Precision_CRSP,Precision_Crack,Precision_Crack_DS_2,Precision_Crack_DS_1,Precision_Spalling,Precision_Spalling_DS_1,Precision_Spalling_DS_2,Precision_Undamaged,Recall_Mean,Recall_CRSP,Recall_Crack,Recall_Crack_DS_2,Recall_Crack_DS_1,Recall_Spalling,Recall_Spalling_DS_1,Recall_Spalling_DS_2,Recall_Undamaged,mPA_Mean,IoU_Mean,IoU_CRSP,IoU_Crack,IoU_Crack_DS_2,IoU_Crack_DS_1,IoU_Spalling,IoU_Spalling_DS_1,IoU_Spalling_DS_2,IoU_Undamaged,Dice_Mean,Dice_CRSP,Dice_Crack,Dice_Crack_DS_2,Dice_Crack_DS_1,Dice_Spalling,Dice_Spalling_DS_1,Dice_Spalling_DS_2,Dice_Undamaged
0.8653131360844389,0.8105809367815153,0.9062664066323203,0.9414199766419539,0.8578665638654336,0.7148954669307103,0.7329091555653031,0.6725103172022567,0.9747775346902863,0.824180027144346,0.7571429336504428,0.6569298243852015,0.7177703615621573,0.5731638674024362,0.8573560429156841,0.8491317086690431,0.876707417613663,0.9582542141321524,0.8473912611928347,0.7277339079557938,0.6237016639651236,0.6131995232768206,0.6819697984140598,0.5185158111313463,0.6342038046534265,0.6382031950539863,0.6247934742991685,0.9357983959371342,0.8167825481946721,0.7445358307087273,0.7446797431828401,0.7955898347339255,0.6745861388733749,0.7443919182346145,0.7491062711258166,0.7332993231964917,0.9612759831665616
